userid,date,time,event
Cr4mlin,30.04.2024,20:30,поспать
annchssss,29.05.24,20:31,поесть
Kazantsev_Vladislav,11.05.2024,14:00,поздравить
annchssss,02.05.2024,10:00,дать под зад Максиму
Cr4mlin,25.05.2024,20:30,проснуться и пойти гулять
Cr4mlin,30.04.2024,20:30,поспать
Sladkopar33,01.05.2024,16:30,посрать
Sladkopar33,01.05.2024,16:30,посрать
Cr4mlin,30.04.2024,20:30,поспать
Sladkopar33,30.04.2024,20:30,поспать
Sladkopar33,01.05.2024,16:30,посрать
Sladkopar33,01.05.2024,16:30,посрать
Sladkopar33,30.04.2024,20:30,поспать
Cr4mlin,30.04.2024,20:30,поспать
Sladkopar33,01.05.2024,16:30,посрать
Sladkopar33,01.05.2024,16:30,посрать
Sladkopar33,01.05.2024,16:30,посрать
Sladkopar33,01.05.2024,16:30,посрать
Sladggv,01.05.2024,16:30,посрать
Sladggv,01.05.2024,16:30,посрать
Sladggv,01.05.2024,16:29,посрать
Cr4mlin,30.04.2024,20:30,поспать
Cr4mlin,30.04.2024,20:30,поспать
Cr4mlin,30.04.2024,20:30,поспать
